id,name,surname,club,categories
,Diana,BARANOWSKA,Bolesławiec/CKB Bolesławiec,Amator Kobiet 65 kg / Woman Amateur 65 kg
,Klaudia,BARTCZAK,Łódź/Dzik Komando,Amator Kobiet 65 kg / Woman Amateur 65 kg
,Agnieszka,BUTWICKA,Oława/Synergia Cross Camp,Amator Kobiet 65 kg / Woman Amateur 65 kg
,Sylwia,DOBIECH,Gliwice/Hellwood,Amator Kobiet 65 kg / Woman Amateur 65 kg
,Roksana,DYLEWSKA,Sosnowiec/Jaqobson squad,Amator Kobiet 65 kg / Woman Amateur 65 kg
,Agnieszka,DZIKOŃ,Warszawa/Hardstyle Warszawa,Amator Kobiet 65 kg / Woman Amateur 65 kg
,Zofia,FABCZAK,Warszawa/CKB Bemowo,Amator Kobiet 65 kg / Woman Amateur 65 kg
,Magdalena,GAPIŃSKA,Warszawa/Hardstyle Warszawa,Amator Kobiet 65 kg / Woman Amateur 65 kg
,Joanna,GARSZKO,Wrocław,Amator Kobiet 65 kg / Woman Amateur 65 kg
,Aleksandra,GEREGA,Milanówek/CKB Iron Family,Amator Kobiet 65 kg / Woman Amateur 65 kg
,Marta,JAGIELSKA,Łódź/Collegium krav maga,Amator Kobiet 65 kg / Woman Amateur 65 kg
,Urszula,JUCHNIEWICZ,Lidzbark Warmiński/Iron heart,Amator Kobiet 65 kg / Woman Amateur 65 kg
,Monika,KARCZEWSKA,Gdańsk/CKB Gdańsk,Amator Kobiet 65 kg / Woman Amateur 65 kg
,Anna,KŁOS,Kraśnik/CKB Kraśnik,Amator Kobiet 65 kg / Woman Amateur 65 kg
,Alicja,KOBREŃ,Gdańsk/CKB Gdańsk,Amator Kobiet 65 kg / Woman Amateur 65 kg
,Milena,KOCUREK,Sulechów,Amator Kobiet 65 kg / Woman Amateur 65 kg
,Paulina,KOWAL,Gdańsk/CKB Gdańsk,Amator Kobiet 65 kg / Woman Amateur 65 kg
,Joanna,KRUK,Warszawa,Amator Kobiet 65 kg / Woman Amateur 65 kg
,Sandra,KRYSZCZUNAS,Koszalin/Lumberjacks Cross Garage,Amator Kobiet 65 kg / Woman Amateur 65 kg
,Wiktoria,KULCZYCKA,Jelcz-Laskowice/Synergia Cross Camp,Amator Kobiet 65 kg / Woman Amateur 65 kg
,Katarzyna,LASKOWSKA-BEDNARCZYK,Sosnowiec/Teamsobala,"Amator Kobiet 65 kg / Woman Amateur 65 kg,Masters +45 Kobiet / Woman Masters +45"
,Izabela,MAĆKOWIAK,Nowa Ruda/Magic team,Amator Kobiet 65 kg / Woman Amateur 65 kg
,Jagoda,NACHMAN,Wrocław/Konkret team,Amator Kobiet 65 kg / Woman Amateur 65 kg
,Ewa,OGÓRKIEWICZ,Pleszew,Amator Kobiet 65 kg / Woman Amateur 65 kg
,Marysia,SOBCZYK,Wrocław/Body Change Center,Amator Kobiet 65 kg / Woman Amateur 65 kg
,Katarzyna,STUCZYK,Góra/Animal King,Amator Kobiet 65 kg / Woman Amateur 65 kg
,Anna,SZEWCZYK,Wrocław/Konkret team,Amator Kobiet 65 kg / Woman Amateur 65 kg
,Marta,ŚLIWIŃSKA,Wrocław/Konkret team,Amator Kobiet 65 kg / Woman Amateur 65 kg
,Lidia,TORZEWSKA,CKB Hall of madness Siemianowice Śląskie,"Amator Kobiet 65 kg / Woman Amateur 65 kg,Masters +45 Kobiet / Woman Masters +45"
,Justyna,TROJNIAR,Wrocław/Body Change Center,Amator Kobiet 65 kg / Woman Amateur 65 kg
,Maja,ZAWISZA,Wrocław,Amator Kobiet 65 kg / Woman Amateur 65 kg
,Marta,LACH,Góra/Animal King,Amator Kobiet 65 kg / Woman Amateur 65 kg
,Anna,BARTEL,Kęty/Dorian FC,Amator Kobiet +65 kg / Woman Amateur +65 kg
,Jadwiga,BOREK-MAŁAŃCZUK,Łódź/Trening jest celem,Amator Kobiet +65 kg / Woman Amateur +65 kg
,Anna,CERAN,Łódź/Fit Fabric,"Amator Kobiet +65 kg / Woman Amateur +65 kg,Masters +45 Kobiet / Woman Masters +45"
,Magdalena,KASZTALSKA-CZYŻYK,Łódź/Trening jest celem,Amator Kobiet +65 kg / Woman Amateur +65 kg
,Joanna,DYMERSKA,Poole/UK,Amator Kobiet +65 kg / Woman Amateur +65 kg
,Karolina,GAJDA,Nowa Ruda/Magic team,Amator Kobiet +65 kg / Woman Amateur +65 kg
,Magdalena,GŁUSZKO,Góra/Animal King,Amator Kobiet +65 kg / Woman Amateur +65 kg
,Barbara,HRYNYSZYN,Kołobrzeg/Training Tank,Amator Kobiet +65 kg / Woman Amateur +65 kg
,Paulina,KACZMAREK,Łódź/Collegium krav maga,Amator Kobiet +65 kg / Woman Amateur +65 kg
,Mariola,KĄDZIOŁKA-GAWEŁ,Przyszowice,Amator Kobiet +65 kg / Woman Amateur +65 kg
,Paulina,KLAMUT,Krosno/Iron crew,Amator Kobiet +65 kg / Woman Amateur +65 kg
,Julia,KLIMEK,Mińsk Mazowiecki/CKB Mińsk Mazowiecki,Amator Kobiet +65 kg / Woman Amateur +65 kg
,Anna,KŁODA-SAŁĘGA,Wieliczka/Teamsobala,Amator Kobiet +65 kg / Woman Amateur +65 kg
,Katarzyna,KOTYNIA,Łódź/Collegium krav maga,Amator Kobiet +65 kg / Woman Amateur +65 kg
,Aleksandra,KRUPA,Gryfice/Life4fit,Amator Kobiet +65 kg / Woman Amateur +65 kg
,Ewa,MALCZEWSKA,Sosnowiec,Amator Kobiet +65 kg / Woman Amateur +65 kg
,Maria,MAŃKO,Warszawa,Amator Kobiet +65 kg / Woman Amateur +65 kg
,Aleksandra,NIEZGODA,Krosno/Iron crew,Amator Kobiet +65 kg / Woman Amateur +65 kg
,Julita,NOWAK,Lubsko/Superhuman factory,Amator Kobiet +65 kg / Woman Amateur +65 kg
,Uliana,OCHMAN,Sosnowiec/Teamsobala,Amator Kobiet +65 kg / Woman Amateur +65 kg
,Barbara,PAJOR,Bochnia/Centrum Kettlebell Bochnia,Amator Kobiet +65 kg / Woman Amateur +65 kg
,Hanna,PALIAKOVA,Łódź/Dzik Komando,Amator Kobiet +65 kg / Woman Amateur +65 kg
,Tatevik,POZORSKA,Kołobrzeg/Centrum Kettlebell Kołobrzeg,Amator Kobiet +65 kg / Woman Amateur +65 kg
,Agnieszka,RDZANEK,Milanówek/CKB Iron Family,Amator Kobiet +65 kg / Woman Amateur +65 kg
,Gabriela,SODZAWICZNY,Wrocław/Body Change Center,Amator Kobiet +65 kg / Woman Amateur +65 kg
,Katarzyna,SATKOWSKA,Lublin,Amator Kobiet +65 kg / Woman Amateur +65 kg
,Gabriela,SKRAJDA,Lidzbark Warmiński/Iron heart,Amator Kobiet +65 kg / Woman Amateur +65 kg
,Aleksandra,STACHURA,Kęty/Dorian FC,Amator Kobiet +65 kg / Woman Amateur +65 kg
,Justyna,STALMACH,Tychy/Centrum Kettlebell Tychy,Amator Kobiet +65 kg / Woman Amateur +65 kg
,Aleksandra,SZPANBRUKER-KUŚMIERZ,Kraśnik/CKB Kraśnik,Amator Kobiet +65 kg / Woman Amateur +65 kg
,Martyna,SZROMEK,Tychy/Centrum Kettlebell Tychy,Amator Kobiet +65 kg / Woman Amateur +65 kg
,Katarzyna,SZUPIER-NIEŁACNA,Wrocław,Amator Kobiet +65 kg / Woman Amateur +65 kg
,Julia,URZENDOWSKA,Kołobrzeg/Centrum Kettlebell Kołobrzeg,Amator Kobiet +65 kg / Woman Amateur +65 kg
,Magdalena,WARAKOMSKA,Białystok/Akademia sprawności Kłodzko,Amator Kobiet +65 kg / Woman Amateur +65 kg
,Daria,WEJMAN,CKB Hall of madness Siemianowice Śląskie,Amator Kobiet +65 kg / Woman Amateur +65 kg
,Marta,ZÓRAWSKA,Łódź,Amator Kobiet +65 kg / Woman Amateur +65 kg
,Wioleta,MUSIAŁ,Kołobrzeg/Centrum Kettlebell Kołobrzeg,Amator Kobiet +65 kg / Woman Amateur +65 kg
,Zofia,CYRANOWSKA,Warszawa,Amator Kobiet +65 kg / Woman Amateur +65 kg
,Patrycja,HUT,Ząbkowice Śląskie/Teamsobala,"Amator Kobiet +65 kg / Woman Amateur +65 kg,Junior 16 Dziewcząt / Girls Junior 16"
,Martyna,MOCZKO,Ząbkowice Śląskie/Teamsobala,"Amator Kobiet +65 kg / Woman Amateur +65 kg,Junior 16 Dziewcząt / Girls Junior 16"
,Marta,PAWLIK,Ząbkowice Śląskie/Teamsobala,"Amator Kobiet +65 kg / Woman Amateur +65 kg,Junior 16 Dziewcząt / Girls Junior 16"
,Marcin,BISKUP,Wrocław/Body Change Center,Amator Mężczyzn +85 kg / Man Amateur +85 kg
,Przemysław,BOGUS,Łódź/Dzik Komando,Amator Mężczyzn +85 kg / Man Amateur +85 kg
,Paweł,BUCIAK,Bolesławiec,Amator Mężczyzn +85 kg / Man Amateur +85 kg
,Kacper,CZARNY,Kłodzko/Akademia Sprawności Kłodzko,Amator Mężczyzn +85 kg / Man Amateur +85 kg
,Tomasz,DROZDEK,Bolesławiec/CKB Bolesławiec,Amator Mężczyzn +85 kg / Man Amateur +85 kg
,Piotr,GŁOGOWSKI,Oleśnica/Teamsobala,Amator Mężczyzn +85 kg / Man Amateur +85 kg
,Ismet,ICEL,Częstochowa,Amator Mężczyzn +85 kg / Man Amateur +85 kg
,Maciej,KASPERSKI,Kołobrzeg,Amator Mężczyzn +85 kg / Man Amateur +85 kg
,KAMIL,KILIAN,Ząbkowice Śląskie/Teamsobala,Amator Mężczyzn +85 kg / Man Amateur +85 kg
,Paweł,KOLIWESZKA,Brzeg/Synergia Cross Camp,"Amator Mężczyzn +85 kg / Man Amateur +85 kg,Masters +45 Mężczyzn / Man Masters +45"
,Rafał,KOLIWESZKA,Brzeg/Synergia Cross Camp,Amator Mężczyzn +85 kg / Man Amateur +85 kg
,Damian,KOSTECKI,Wrocław,Amator Mężczyzn +85 kg / Man Amateur +85 kg
,Maciej,KRÓLICKI,Wrocław,Amator Mężczyzn +85 kg / Man Amateur +85 kg
,Marcin,KUCZKOWSKI,Warszawa/Determinacja Gym,Amator Mężczyzn +85 kg / Man Amateur +85 kg
,Kacper,KUŹBIK,Gdańsk/CKB Gdańsk,Amator Mężczyzn +85 kg / Man Amateur +85 kg
,Mateusz,LINDE,Łódź,Amator Mężczyzn +85 kg / Man Amateur +85 kg
,Przemysław,LITWIEJKO,Koszalin/Lumberjacks Cross Garage,Amator Mężczyzn +85 kg / Man Amateur +85 kg
,Piotr,MICHAELI,Milanówek/CKB Iron Family,Amator Mężczyzn +85 kg / Man Amateur +85 kg
,Wojciech,MROŻEK,Kraków/Crossfit Lea,Amator Mężczyzn +85 kg / Man Amateur +85 kg
,Marcin,MUCHA,Mińsk Mazowieski/CKB Mińsk Mazowiecki,Amator Mężczyzn +85 kg / Man Amateur +85 kg
,Daniel,NOWAK,Lubsko/Superhuman factory,Amator Mężczyzn +85 kg / Man Amateur +85 kg
,Jacek,OLEARCZYK,Kęty/Dorian FC,Amator Mężczyzn +85 kg / Man Amateur +85 kg
,Sławomir,PIETRZYK,Kęty/Dorian FC,"Amator Mężczyzn +85 kg / Man Amateur +85 kg,Masters +45 Mężczyzn / Man Masters +45"
,Stanisław,RUTKIEWICZ,Gdańsk/CKB Gdańsk,Amator Mężczyzn +85 kg / Man Amateur +85 kg
,Bartłomiej,SITNICKI,Mińsk Mazowiecki/CKB Mińsk Mazowiecki,Amator Mężczyzn +85 kg / Man Amateur +85 kg
,Daniel,SYKA,CKB Hall of madness Siemianowice Śląskie,"Amator Mężczyzn +85 kg / Man Amateur +85 kg,Masters +45 Mężczyzn / Man Masters +45"
,Marcin,ŚWIERZKO,Oława/Synergia Cross Camp,"Amator Mężczyzn +85 kg / Man Amateur +85 kg,Masters +45 Mężczyzn / Man Masters +45"
,Tomasz,TWORKOWSKI,Gdańsk/CKB Gdańsk,Amator Mężczyzn +85 kg / Man Amateur +85 kg
,Michał,URBAŃSKI,Warszawa/Hardstyle Warszawa,Amator Mężczyzn +85 kg / Man Amateur +85 kg
,Bartłomiej,WALCZAK,Wrocław/Teamsobala,Amator Mężczyzn +85 kg / Man Amateur +85 kg
,Marcin,WALCZUK,Ełk/Imperium Siły,"Amator Mężczyzn +85 kg / Man Amateur +85 kg,Masters +45 Mężczyzn / Man Masters +45"
,Adrian,WEBER,Wrocław/Body Change Center,Amator Mężczyzn +85 kg / Man Amateur +85 kg
,Tomasz,WRÓBLEWSKI,Bolesławiec/CKB Bolesławiec,Amator Mężczyzn +85 kg / Man Amateur +85 kg
,Paweł,ZAPOTOCZNY,Ząbkowice Śląskie/Teamsobala,"Amator Mężczyzn +85 kg / Man Amateur +85 kg,Masters +45 Mężczyzn / Man Masters +45"
,Wojciech,WALIGÓRA,Koszalin/Lumberjacks Cross Garage,Amator Mężczyzn +85 kg / Man Amateur +85 kg
,Hubert,HUT,Ząbkowice Śląskie/Teamsobala,"Amator Mężczyzn +85 kg / Man Amateur +85 kg,Junior 16 Chłopców / Boys Junior 16"
,Sebastian,BĄK,Środa Wielkopolska/Orange Fintess Club,Amator Mężczyzn 85 kg / Man Amateur 85 kg
,Wojciech,BEDNARCZYK,Sosnowiec/Teamsobala,"Amator Mężczyzn 85 kg / Man Amateur 85 kg,Masters +45 Mężczyzn / Man Masters +45"
,Marcin,BEDRUNKA,CKB Hall of madness Siemianowice Śląskie,Amator Mężczyzn 85 kg / Man Amateur 85 kg
,Daniel,BURCHAŁA,Kraków,Amator Mężczyzn 85 kg / Man Amateur 85 kg
,Łukasz,BZDYRA,Oława/Synergia Cross Camp,Amator Mężczyzn 85 kg / Man Amateur 85 kg
,Damian,CICHOCKI,Wrocław/Body Change Center,Amator Mężczyzn 85 kg / Man Amateur 85 kg
,Krzysztof,CZYŻYK,Łódź/Trening jest celem,"Amator Mężczyzn 85 kg / Man Amateur 85 kg,Masters +45 Mężczyzn / Man Masters +45"
,Krzysztof,DEMUS,Ełk/Imperium Siły,"Amator Mężczyzn 85 kg / Man Amateur 85 kg,Masters +45 Mężczyzn / Man Masters +45"
,Marcin,DUBIEL,Oława/Synergia Cross Camp,Amator Mężczyzn 85 kg / Man Amateur 85 kg
,Hubert,DYONIZIAK,Warszawa/Teamsobala,Amator Mężczyzn 85 kg / Man Amateur 85 kg
,Oskar,FELEK,Kraśnik/CKB Kraśnik,Amator Mężczyzn 85 kg / Man Amateur 85 kg
,Adam,GAJEWICZ,Łódź/Dzik Komando,Amator Mężczyzn 85 kg / Man Amateur 85 kg
,Michał,GANCARCZYK,Jelenia Góra/CKB Jelenia Góra,Amator Mężczyzn 85 kg / Man Amateur 85 kg
,Szymon,GAWĄD,Bochnia/Centrum Kettlebell Bochnia,Amator Mężczyzn 85 kg / Man Amateur 85 kg
,Maksymilian,GOLONKA,Jelenia Góra/CKB Jelenia Góra,Amator Mężczyzn 85 kg / Man Amateur 85 kg
,Robert,GUT,Bochnia/Centrum Kettlebell Bochnia,Amator Mężczyzn 85 kg / Man Amateur 85 kg
,Paweł,HEBA,Warszawa/Hardstyle Warszawa,Amator Mężczyzn 85 kg / Man Amateur 85 kg
,Michał,JAŃCZYK,Łódź/Bajera Team,Amator Mężczyzn 85 kg / Man Amateur 85 kg
,Paweł,KARCZEWSKI,Gdańsk/CKB Gdańsk,Amator Mężczyzn 85 kg / Man Amateur 85 kg
,Kacper,KOŚKA,Milanówek/CKB Iron Family,Amator Mężczyzn 85 kg / Man Amateur 85 kg
,Bartosz,KOTRA,Bochnia/Centrum Kettlebell Bochnia,Amator Mężczyzn 85 kg / Man Amateur 85 kg
,Tomasz,KOWALCZYKIEWICZ,Pleszew/Hardstyle studio,Amator Mężczyzn 85 kg / Man Amateur 85 kg
,Paweł,KRUZEL,Świerklaniec,Amator Mężczyzn 85 kg / Man Amateur 85 kg
,Michał,KUCZEWSKI,Bolesławiec/Teamsobala,Amator Mężczyzn 85 kg / Man Amateur 85 kg
,Przemysław,KUDZIŃSKI,Brzeg Dolny/Best Move,Amator Mężczyzn 85 kg / Man Amateur 85 kg
,Adrian,KUŚMIERZ,Kraśnik/CKB Kraśnik,Amator Mężczyzn 85 kg / Man Amateur 85 kg
,Przemysław,LENARCIK,Wrocław/Konkret team,Amator Mężczyzn 85 kg / Man Amateur 85 kg
,Adrian,MADEJ,Opole,Amator Mężczyzn 85 kg / Man Amateur 85 kg
,Bartłomiej,MAŁAŃCZUK,Łódź/Trening jest celem,Amator Mężczyzn 85 kg / Man Amateur 85 kg
,Przemysław,MARCHAL,Kołobrzeg/Centrum Kettlebell Kołobrzeg,Amator Mężczyzn 85 kg / Man Amateur 85 kg
,Albert,MARKWAT,Kęty/Dorian FC,"Amator Mężczyzn 85 kg / Man Amateur 85 kg,Masters +45 Mężczyzn / Man Masters +45"
,Kacper,NIECHWIADOWICZ,Ząbkowice Śląskie/Teamsobala,Amator Mężczyzn 85 kg / Man Amateur 85 kg
,Oliwier,NIECHWIADOWICZ,Ząbkowice Śląskie/Teamsobala,Amator Mężczyzn 85 kg / Man Amateur 85 kg
,Dariusz,NOSAL,Perła/Centrum Kettlebell Bochnia,Amator Mężczyzn 85 kg / Man Amateur 85 kg
,Krzysztof,OBARSKI,Środa Wielkopolska/Orange Fintess Club,Amator Mężczyzn 85 kg / Man Amateur 85 kg
,Piotr,OPRZĄDEK,Kraków,Amator Mężczyzn 85 kg / Man Amateur 85 kg
,Mikalai,PALIAKOU,Łódź/Dzik Komando,Amator Mężczyzn 85 kg / Man Amateur 85 kg
,Piotr,PAROL,Jaktorów-Kolonia,Amator Mężczyzn 85 kg / Man Amateur 85 kg
,Piotr,RÓZGA,Łódź/Bajera Team,Amator Mężczyzn 85 kg / Man Amateur 85 kg
,Paweł,STĘPIEŃ,Gdańsk/CKB Gdańsk,Amator Mężczyzn 85 kg / Man Amateur 85 kg
,Michał,TERESZKIEWICZ,Tychy/Centrum Kettlebell Tychy,Amator Mężczyzn 85 kg / Man Amateur 85 kg
,Martin,TOMEK,Malacky/Słowacja,Amator Mężczyzn 85 kg / Man Amateur 85 kg
,Michał,TUREK,Oborniki/Teamsobala,Amator Mężczyzn 85 kg / Man Amateur 85 kg
,Dominik,TUROŃ,Krosno/Iron crew,Amator Mężczyzn 85 kg / Man Amateur 85 kg
,Tomasz,WAWRZYNIAK,Jelenia Góra/CKB Jelenia Góra,Amator Mężczyzn 85 kg / Man Amateur 85 kg
,Maciej,WĄSACZ,Sosnowiec,Amator Mężczyzn 85 kg / Man Amateur 85 kg
,Szymon,WOJDA,Łódź/Dzik Komando,Amator Mężczyzn 85 kg / Man Amateur 85 kg
,Marcel,WOŹNIAKOWSKI,Ząbkowice Śląskie/Teamsobala,Amator Mężczyzn 85 kg / Man Amateur 85 kg
,Norbert,WYRWA,Kęty/Dorian FC,Amator Mężczyzn 85 kg / Man Amateur 85 kg
,Artur,JANIUK,Gdańsk/CKB Gdańsk,Amator Mężczyzn 85 kg / Man Amateur 85 kg
,Piotr,GÓRA,Kielce,Amator Mężczyzn 85 kg / Man Amateur 85 kg
,Adam,BARTKIEWICZ,Ząbkowice Śląskie/Teamsobala,Amator Mężczyzn 85 kg / Man Amateur 85 kg
,Piotr,LIPA,Warszawa/Hardstyle Warszawa,"Amator Mężczyzn 85 kg / Man Amateur 85 kg,Masters +45 Mężczyzn / Man Masters +45"
,Aleks,MULKA,Ząbkowice Śląskie/Teamsobala,"Amator Mężczyzn 85 kg / Man Amateur 85 kg,Junior 16 Chłopców / Boys Junior 16"
,Kacper,PARDYLA,Gliwice/CKB Gliwice,"Amator Mężczyzn 85 kg / Man Amateur 85 kg,Junior 16 Chłopców / Boys Junior 16"
,Radosław,CHUDZIKOWSKI,Ząbkowice Śląskie/Teamsobala,Junior 16 Chłopców / Boys Junior 16
,Mateusz,FILAK,Ząbkowice Śląskie/Teamsobala,Junior 16 Chłopców / Boys Junior 16
,Eryk,KOWALCZYKIEWICZ,Pleszew/Hardstyle studio,Junior 16 Chłopców / Boys Junior 16
,Igor,KRZESZOWSKI,Ząbkowice Śląskie/Teamsobala,Junior 16 Chłopców / Boys Junior 16
,Szymon,MOCZKO,Ząbkowice Śląskie/Teamsobala,Junior 16 Chłopców / Boys Junior 16
,Błażej,PAWLIK,Ząbkowice Śląskie/Teamsobala,Junior 16 Chłopców / Boys Junior 16
,Jakub,STĘPIEŃ,Ząbkowice Śląskie/Teamsobala,Junior 16 Chłopców / Boys Junior 16
,Basia,BARYLAK,Ząbkowice Śląskie/Teamsobala,Junior 16 Dziewcząt / Girls Junior 16
,Liwia,BIEŃKA,Ząbkowice Śląskie/Teamsobala,Junior 16 Dziewcząt / Girls Junior 16
,Martyna,FILAK,Ząbkowice Śląskie/Teamsobala,Junior 16 Dziewcząt / Girls Junior 16
,Klaudia,GUZIOŁEK,Góra/Animal King,Junior 16 Dziewcząt / Girls Junior 16
,Oliwia,IWAŃCIÓW,Ząbkowice Śląskie/Teamsobala,Junior 16 Dziewcząt / Girls Junior 16
,Lena,MACIEJEWSKA,Ząbkowice Śląskie/Teamsobala,Junior 16 Dziewcząt / Girls Junior 16
,Aleksandra,MAJCHRZAK,Góra/Animal King,Junior 16 Dziewcząt / Girls Junior 16
,Antonina,NOWACKA,Ząbkowice Śląskie/Teamsobala,Junior 16 Dziewcząt / Girls Junior 16
,Paulina,PRZYBYŁO,Ząbkowice Śląskie/Teamsobala,Junior 16 Dziewcząt / Girls Junior 16
,Sandra,SYNOWIEC,Ząbkowice Śląskie/Teamsobala,Junior 16 Dziewcząt / Girls Junior 16
,Wiktoria,ŚWIDZIŃSKA,Ząbkowice Śląskie/Teamsobala,Junior 16 Dziewcząt / Girls Junior 16
,Maja,WOŹNIAKOWSKA,Ząbkowice Śląskie/Teamsobala,Junior 16 Dziewcząt / Girls Junior 16
,Weronika,KURTYKA,Ząbkowice Śląskie/Teamsobala,Junior 16 Dziewcząt / Girls Junior 16
,Agnieszka,BRYG,Ljubgby/Szwecja,Pro Kobiet +65 kg / Woman Professional +65 kg
,Anita,GODŁOZA,Mińsk Mazowiecki,Pro Kobiet +65 kg / Woman Professional +65 kg
,Renata,GULBINOWICZ,Krekole/Bartoszyce,Pro Kobiet +65 kg / Woman Professional +65 kg
,Agnieszka,GWIAZDOWSKA,Kraśnik/CKB Kraśnik,Pro Kobiet +65 kg / Woman Professional +65 kg
,Katarzyna,KAPUŚNIAK,Warszawa/Hardstyle Warszawa,Pro Kobiet +65 kg / Woman Professional +65 kg
,Kinga,KOPROWSKA,Łowicz,Pro Kobiet +65 kg / Woman Professional +65 kg
,Natalia,LENDA,Świnoujście/Cisowski studio siły i sprawności,Pro Kobiet +65 kg / Woman Professional +65 kg
,Joanna,ŁUKASIAK-CHEŁSTOWSKA,Warszawa,Pro Kobiet +65 kg / Woman Professional +65 kg
,Kamila,MYŚLAK,Muszyna/Teamsobala,Pro Kobiet +65 kg / Woman Professional +65 kg
,Paula,SIWIK,Pisz/Infinity Gym,Pro Kobiet +65 kg / Woman Professional +65 kg
,Joanna,STASIŃSKA,Lidzbark Warmiński/Iron heart,"Pro Kobiet +65 kg / Woman Professional +65 kg,Masters +45 Kobiet / Woman Masters +45"
,Edyta,ZASIMOWSKA,Koszalin/Lumberjacks Cross Garage,"Pro Kobiet +65 kg / Woman Professional +65 kg,Masters +45 Kobiet / Woman Masters +45"
,Ewa,ŻUKOWSKA,Kraśnik/CKB Kraśnik,Pro Kobiet +65 kg / Woman Professional +65 kg
,Agnieszka,BARTOS,Łowicz,Pro Kobiet 65 kg / Woman Professional 65 kg
,Zuzanna,BRUST,Bochnia/Centrum Kettlebell Bochnia,Pro Kobiet 65 kg / Woman Professional 65 kg
,Katarzyna,CHICZEWSKA,Warszawa,Pro Kobiet 65 kg / Woman Professional 65 kg
,Małgorzata,GRABKA,Ząbkowice Śląskie/Teamsobala,Pro Kobiet 65 kg / Woman Professional 65 kg
,Agnieszka,JELEŃ,CKB Hall of madness Siemianowice Śląskie,Pro Kobiet 65 kg / Woman Professional 65 kg
,Karolina,JĘDRYCH,Lidzbark Warmiński/Iron heart,Pro Kobiet 65 kg / Woman Professional 65 kg
,Zuzanna,KOZŁOWSKA,Nowa Ruda/Magic team,Pro Kobiet 65 kg / Woman Professional 65 kg
,Agnieszka,POLAKOWSKA,Koszalin/Akademia Sprawności Kłodzko,Pro Kobiet 65 kg / Woman Professional 65 kg
,Anna,RÓŻAŃSKA,Opole/Strefa Mocy,Pro Kobiet 65 kg / Woman Professional 65 kg
,Teodozja,SOKOŁOWSKA,Koszalin/Lumberjacks Cross Garage,Pro Kobiet 65 kg / Woman Professional 65 kg
,Anna,WARĘŻAK,Bolesławiec/CKB Bolesławiec,Pro Kobiet 65 kg / Woman Professional 65 kg
,Kacper,ALFLER,Kielce/Trener Kacper Team,Pro Mężczyzn +85 kg / Man Professional +85 kg
,Mateusz,BISIKIEWICZ,Nowa Ruda/Teamsobala,Pro Mężczyzn +85 kg / Man Professional +85 kg
,Bartłomiej,CHEŁSTWOSKI,Żyrardów/Żyrardowskie Dziki,Pro Mężczyzn +85 kg / Man Professional +85 kg
,Radosław,CYBULKO,Ełk/Imperium Siły,Pro Mężczyzn +85 kg / Man Professional +85 kg
,Michał,DĄBROWSKI,Zielona Góra/Mike's condition corner,Pro Mężczyzn +85 kg / Man Professional +85 kg
,Maciej,DOBOSZ,Wrocław,Pro Mężczyzn +85 kg / Man Professional +85 kg
,Paweł,FRYCZ,Wrocław,Pro Mężczyzn +85 kg / Man Professional +85 kg
,Arkadiusz,GRUSZKA,Pleszew/Hardstyle studio,Pro Mężczyzn +85 kg / Man Professional +85 kg
,Ernest,JAMKA,Kraków/Trener Kacper Team,Pro Mężczyzn +85 kg / Man Professional +85 kg
,Robert,JAROMIN,Kęty/Dorian FC,Pro Mężczyzn +85 kg / Man Professional +85 kg
,Kamil,KOPEĆ,Kraśnik/CKB Kraśnik,"Pro Mężczyzn +85 kg / Man Professional +85 kg,Masters +45 Mężczyzn / Man Masters +45"
,Grzegorz,KRAWIEC,Kielce/Trener Kacper Team,Pro Mężczyzn +85 kg / Man Professional +85 kg
,Paweł,KUROWSKI,Krosno/Iron crew,"Pro Mężczyzn +85 kg / Man Professional +85 kg,Masters +45 Mężczyzn / Man Masters +45"
,Jakub,MAJEWSKI,Kutno/Body Armor Skills,Pro Mężczyzn +85 kg / Man Professional +85 kg
,Michał,PARAFINIUK,CKB Hall of madness Siemianowice Śląskie,Pro Mężczyzn +85 kg / Man Professional +85 kg
,Tomasz,PELCZAR,Kraków,Pro Mężczyzn +85 kg / Man Professional +85 kg
,Andrii,POCHKAI,Warszawa/Teamsobala,Pro Mężczyzn +85 kg / Man Professional +85 kg
,Marek,SMOLARCZYK,Kęty/Dorian FC,"Pro Mężczyzn +85 kg / Man Professional +85 kg,Masters +45 Mężczyzn / Man Masters +45"
,Michał,STEGENKA,Warszawa/Box Ekipa,Pro Mężczyzn +85 kg / Man Professional +85 kg
,Łukasz,WICHOWSKI,Warszawa/CKB Bemowo,Pro Mężczyzn +85 kg / Man Professional +85 kg
,Max,ZIARKOWSKI,Oława/Synergia Cross Camp,Pro Mężczyzn +85 kg / Man Professional +85 kg
,Maciej,ZIOBRO,Wrocław,Pro Mężczyzn +85 kg / Man Professional +85 kg
,Piotr,BISEWSKI,Karwia,Pro Mężczyzn 85 kg / Man Professional 85 kg
,Marcin,BOJANOWSKI,Łowicz,Pro Mężczyzn 85 kg / Man Professional 85 kg
,Przemysław,CICHOŃ,Bochnia/Centrum Kettlebell Bochnia,Pro Mężczyzn 85 kg / Man Professional 85 kg
,Andrzej,CISOWSKI,Świnoujście/Cisowski studio siły i sprawności,Pro Mężczyzn 85 kg / Man Professional 85 kg
,Piotr,GARGACZ,Drawsko Pomorskie/Trener Kacper Team,Pro Mężczyzn 85 kg / Man Professional 85 kg
,Bartosz,GRZYMAJŁO,Wałbrzych/BG Electro forma,Pro Mężczyzn 85 kg / Man Professional 85 kg
,Mateusz,IMIOŁEK,Gliwice,Pro Mężczyzn 85 kg / Man Professional 85 kg
,Jakub,JASIŃSKI,Sosnowiec/Jaqobson squad,Pro Mężczyzn 85 kg / Man Professional 85 kg
,Piotr,MARCISZEWSKI,Ełk/Imperium Siły,Pro Mężczyzn 85 kg / Man Professional 85 kg
,Damian,MROCZKA,Sanok,Pro Mężczyzn 85 kg / Man Professional 85 kg
,Dominik,OCHMAN,Sosnowiec/Teamsobala,Pro Mężczyzn 85 kg / Man Professional 85 kg
,Łukasz,PANASIUK,Wrocław/Body Change Center,Pro Mężczyzn 85 kg / Man Professional 85 kg
,Marcin,RUDNIK,Szczytno/APol Szczytno,"Pro Mężczyzn 85 kg / Man Professional 85 kg,Masters +45 Mężczyzn / Man Masters +45"
,Kamil,SADOWSKI,Hamburg/Niemcy,Pro Mężczyzn 85 kg / Man Professional 85 kg
,Krzysztof,SKIBA,Góra/Teamsobala,Pro Mężczyzn 85 kg / Man Professional 85 kg
,Marko,VASARAB,Malacky/Słowacja,Pro Mężczyzn 85 kg / Man Professional 85 kg
,Jakub,WRONA,Siemianowice Śląskie,Pro Mężczyzn 85 kg / Man Professional 85 kg
,Paweł,ZGŁOBICKI,Warszawa/Hardstyle Warszawa,Pro Mężczyzn 85 kg / Man Professional 85 kg